Question,Réponse,Score,Valeur,Commentaire,Fichier Uploader
"Quel est l'objectif de la déclaration préalable des traitements de données personnelles auprès de la Commission nationale, et comment cette déclaration permet-elle à la Commission d'exercer ses compétences ?","1. L'objet de la déclaration préalable des traitements de données personnelles auprès de la Commission nationale est de permettre à cette dernière d'exercer les compétences qui lui sont dévolues par la loi, notamment contrôler le respect de ses dispositions et assurer la publicité du traitement des données personnelles.

2. Le responsable du traitement ou son représentant doit adresser une déclaration à la Commission nationale préalablement à la mise en œuvre d'un traitement automatisé ou d'un ensemble de tels traitements ayant une même finalité ou des finalités liées, ceci conformément à l'article 14.

3. Les comités permanents ou ad hoc nécessaires à l’accomplissement des missions de la Commission nationale sont créés par dispositions du règlement intérieur (article 42). Ces comités doivent être présidés par un membre de la Commission nationale mais peuvent également être composés de personnalités choisies en dehors des membres de la Commission nationale ou faisant partie de son personnel.

4. La déclaration à la Commission nationale doit préciser les éléments prévus aux b), c), d), e) et f) de l'article 16, sachant qu'elle n'est pas nécessaire au traitement de données personnelles effectué par une personne physique pour l'exercice d'activités exclusivement personnelles ou domestiques, aux données à caractère personnel recueillies et traitées dans l'intérêt de la défense nationale et de la sécurité intérieure ou extérieure de l'Etat, ainsi qu'aux données à caractère personnel recueillies et traitées à des fins de prévention et de répression des crimes et délits, sous certaines conditions.

5. En cas de cession d'un fichier de données, le cessionnaire est tenu de remplir les formalités de déclaration prévues par la loi (article non spécifié). Les modalités de la déclaration à la Commission nationale des changements affectant les informations visées à l'alinéa ci-dessus sont fixées par le gouvernement, après avis de ladite commission.",,,,Loi-09-08_protection_des_lois_personnel-Fr.pdf
"Comment les concepts de cybersécurité, de cybercriminalité et de cybermenace sont-ils liés dans le contexte de la protection des systèmes d'information et des infrastructures d'importance vitale ?"," Les concepts de cybersécurité, de cybercriminalité et de cybermenace sont liés dans le contexte de la protection des systèmes d'information et des infrastructures d'importance vitale en ce sens :

1. Cybersécurité désigne les pratiques et technologies qui permettent de protéger les systèmes d'information contre des attaques malveillantes ou des menaces. Il s'agit d'assurer la sécurité, l'intégrité et la confidentialité des données.
2. La cybercriminalité désigne tout comportement illégal qui est commis sur les réseaux informatiques, tels que le piratage, l'espionnage informatique, les attaques de type DDoS (Attaque de déni de service) ou encore la fraude bancaire en ligne.
3. La cybermenace désigne une menace potentielle qui pourrait être exercée sur un système informatique ou une infrastructure vitale via le réseau internet, telle qu'une attaque par des logiciels malveillants (virus, worms) ou des actes de cyberterrorisme.

La protection des données à caractère personnel est également importante dans ce contexte, car les informations personnelles peuvent circuler sur les réseaux sans garanties de sécurité et être lues et utilisées par des tiers non autorisés. Les limites au droit à l'information sont définies par la Loi n° 09-08 relative à la protection des personnes physiques à l'égard du traitement des données à caractère personnel, notamment lorsque la collecte et le traitement de ces données sont nécessaires pour la défense nationale, la sûreté intérieure ou extérieure de l'État, la prévention ou la répression du crime.

Enfin, il est important de noter que les dispositions de cette loi ne s'appliquent pas aux actes relatifs à l'application des dispositions du code de la famille et aux actes sous seing privé relatifs à des sûretés personnelles ou réelles, de nature civile ou commerciale.",,,,loi_n-05.20.pdf
